LA RIVE,200,13.99
LA RIVE,200,13.99
LA RIVE,200,18.99
SO...?Majorca Love,200,19.99
SO...?Cali Cool,200,19.99
SO...?Mykonos Nights,200,19.99
SO...?Ibiza Dreams,200,19.99
SO...?Bali Breeze,200,19.99
SO...?Maui Waves,200,19.99
SO...?Hawaiian Honey,200,19.99
SO...?Santorini Sunset,200,19.99
LA RIVESparkling Rose,200,21.99
LA RIVEDiamond Star,200,21.99
LA RIVEGolden Dream,200,21.99
C-THRURose Caress,200,24.99
C-THRUVibrant Matcha,200,24.99
GUESSLove Romantic Blush,250,33.99
GUESSLove Passion Kiss,250,33.99
GUESSLove Sheer Attraction,250,33.99
PERFECTAPheromones Active,200,29.99
PERFECTAPheromones Active,200,29.99
PERFECTAPheromones Active,200,29.99
NOUFloral Mist,200,29.99
NOUVelvet Blossom,200,29.99
BRUNO BANANIWoman,250,39.99
BRUNO BANANIPure Woman,250,39.99
BRUNO BANANIDangerous Woman,250,39.99
BRUTALClassic,100,17.99
STR8Freak,75,13.99
STR8Original,75,13.99
STR8Red Code,75,13.99
STR8Ahead,75,13.99
STR8Faith,75,13.99
STR8Rise,75,13.99
STR8Live True,75,13.99
STR8Hero,75,13.99
LA RIVEDisney Frozen,75,14.99
LA RIVECash,100,20.99
BRUTALClassic,100,20.99
LA RIVEIronstone,100,20.99
LA RIVEBlack Creek,100,20.99
LA RIVEMr. Sharp,100,20.99
LAZELLNight Bloom,100,21.99
LAZELLVivien,100,21.99
LAZELLBlack Onyx,100,21.99
LAZELLPrincess 3,100,21.99
GUESSSeductive Red,250,54.99
GUESSSeductive Noir,250,54.99
JAMES BOND 007For Women II,250,54.99
GUESS1981,250,54.99
GUESSSeductive,250,54.99
ELIZABETH ARDENSunflowers,236,52.99
ELIZABETH ARDENGreen Tea,236,52.99
ELIZABETH ARDENGreen Tea Cherry Blossom,236,52.99
NIKEUrbanite Spicy Road,75,16.99
NIKEUrbanite Woody Lane,75,16.99
NIKEUltra Green,75,16.99
NIKEUltra Blue,75,16.99
NIKEThe Perfume,75,16.99
NIKEAromatic Addiction,75,16.99
NIKESpicy Attitude,75,16.99
SO...?Vibin,140,31.99
SO...?Vibin,140,31.99
BRUNO BANANIVibrant Raspberry,250,59.99
MEXXFresh Splash,250,59.99
MEXXWoman,250,59.99
MEXXWhenever Wherever,250,59.99
MEXXIce Touch,250,59.99
LA RIVE,90,22.49
LA RIVE,90,22.49
ADIDASUEFA Best of the Best,75,19.99
ADIDASUEFA Champions League,75,19.99
ADIDASVictory League,75,19.99
ADIDASIce Dive,75,19.99
ADIDASDynamic Pulse,75,19.99
ADIDASPure Game,75,19.99
ADIDASTeam Force,75,19.99
ADIDASFruity Rhytm,75,19.99
ADIDASFizzy Energy,75,19.99
ADIDASFloral Dream,75,19.99
ADIDASPure Lightness,75,19.99
C-THRULove Whisper,75,19.99
SO...? MISS SO...?Love Potion,140,37.99
SO...? MISS SO...?Secret Crush,140,37.99
SO...? MISS SO...?Twilight Kiss,140,37.99
SO...? MISS SO...?Sugar Rush,140,37.99
SO...? MISS SO...?Starlet,140,37.99
LA RIVEGallant,100,27.99
LIU JODivine Poppy,200,58.99
LAZELLJoker,100,29.99
LAZELLElite Night,100,29.99
LAZELLSo Much,100,29.99
LAZELL,100,29.99
LAZELLAqua Him,100,29.99
LAZELLAqua Him Black,100,29.99
LAZELLChampion,100,29.99
ELODEVoyage,100,29.99
ELODEFree land,100,29.99
NIKEUp or Down Man,75,22.99
NIKEUltra Pink,75,22.99
NIKESparkling Day,75,22.99
NIKEUp or Down,75,22.99
NIKEUrbanite Oriental Avenue,75,22.99
NIKEUrbanite Gourmand Street,75,22.99
NIKEUltra Purple,75,22.99
NIKESweet Blossom,75,22.99
NIKEThe Perfume,75,22.99
LA RIVE,90,27.99
LA RIVEIn Flames,90,27.99
LA RIVE,90,27.99
LA RIVE,90,27.99
LA RIVESweet Rose,90,27.99
LA RIVETouch of woman,90,27.99
LA RIVEDonna La Rive,90,27.99
ADIDASActive Bodies,75,24.99
LA RIVEMiss Dream,100,33.99
LA RIVELady Diamond,75,25.99
DAVID BECKHAMBold Instinct,75,26.49
DAVID BECKHAMClassic Blue,75,26.49
DAVID BECKHAMClassic,75,26.49
ARIANA GRANDEAri,236,99.99
ARIANA GRANDEThank U Next,236,99.99
ARIANA GRANDEMoonlight,236,99.99
ARIANA GRANDECloud,236,99.99
ARIANA GRANDESweet Like Candy,236,99.99
PRET A PORTER,75,31.99
MEXXSimply for Her,75,32.99
MEXXFresh Splash,75,32.99
MEXXBlack Woman,75,32.99
MEXXForever Classic Never Boring,75,32.99
MEXXWoman,75,32.99
MEXXWhenever Wherever,75,32.99
ELIZABETH ARDENSplendor,125,56.99
CHANSON D'EAUOriginal,75,34.99
CHANSON D'EAUd'Eau Mar Azul,75,34.99
CHANSON D'EAUd'Eau Amanecer,75,34.99
LA RIVEDisney Frozen II,50,23.99
MEXXSimply for Him,75,35.99
MEXXFresh Splash,75,35.99
MEXXWhenever Wherever,75,35.99
MEXXBlack Man,75,35.99
MEXXIce Touch,75,35.99
MEXXForever Classic Never Boring,75,35.99
THE MASTER PERFUMERMarine Aqua N°45,100,51.99
THE MASTER PERFUMERWhite Cedar N°43,100,51.99
THE MASTER PERFUMERAzur Fresh N°34,100,51.99
THE MASTER PERFUMERBlack Wood N°28,100,51.99
THE MASTER PERFUMERBlue Spice N°25,100,51.99
THE MASTER PERFUMERDark Tobacco N°23,100,51.99
THE MASTER PERFUMERUrban Forest N°17,100,51.99
THE MASTER PERFUMERBlack Musk N°12,100,51.99
ARTISCENTExotique Musk,100,52.99
ARTISCENTPatchouli Passion,100,52.99
GABRIELA SABATINI,75,40.99
COLABOoriental,100,54.99
COLABOcitrus,100,54.99
COLABOfloral,100,54.99
COLABOgreen,100,54.99
BESPOKEBlack Suede & Fougere,100,57.99
BESPOKEFresh Citrus & Vetiver,100,57.99
BESPOKEWild Herbs & Tonka Bean,100,57.99
BESPOKESweet Spice & Sandalwood,100,57.99
NIKE5th Element Woman,150,89.99
ZIRH IKONOud,125,79.99
ZIRH IKON,125,79.99
ZIRH IKONIce,125,79.99
ZIRH IKONChrome,125,79.99
COLABOWarm Meadow,50,32.99
COLABOTropical Nectar,50,32.99
COLABOMorning Breeze,50,32.99
COLABOFlower Hour,50,32.99
JAMES BOND 007For Women,75,51.99
COLABOwoody,100,69.99
MEXXIce Touch Woman,75,53.99
STR8Freak,100,71.99
STR8Original,100,71.99
STR8Red Code,100,71.99
STR8Ahead,100,71.99
STR8Faith,100,71.99
STR8Rise,100,71.99
STR8Live True,100,71.99
STR8Hero,100,71.99
TONINO LAMBORGHINISportivo,125,89.99
TONINO LAMBORGHINIMitico,125,89.99
TONINO LAMBORGHINIPrestigio,125,89.99
S.OLIVERSoulmate,75,54.99
S.OLIVER,75,54.99
S.OLIVERPure Sense,75,54.99
S.OLIVERSo Pure,75,54.99
S.OLIVERFollow Your Soul,75,54.99
VICTORIO & LUCCHINON°7 Frescor Mediterraneo,150,109.99
VICTORIO & LUCCHINON°2 Frescor Extremo,150,109.99
VICTORIO & LUCCHINON°3 Seduccion Magnetica,150,109.99
VICTORIO & LUCCHINON°6 Elegancia Natural,150,109.99
VICTORIO & LUCCHINON°14 Manzana Roja,150,109.99
VICTORIO & LUCCHINON°9 Pasion Tropical,150,109.99
VICTORIO & LUCCHINON°7 Explosion Citrica,150,109.99
VICTORIO & LUCCHINON°3 Iris Luminoso,150,109.99
VICTORIO & LUCCHINON°1 Azahar Radiante,150,109.99
ARTISCENTExotique Musk,50,36.99
ARTISCENTPatchouli Passion,50,36.99
ARTISCENTSpring Fleur,50,36.99
ARTISCENTVanille Blush,50,36.99
ARTISCENTLily Amour,50,36.99
BRUNO BANANIMan's Best,75,57.99
BRUNO BANANIMagic Man,75,57.99
BRUNO BANANIMade for Men,75,57.99
BRUNO BANANILoyal Man,75,57.99
BRUNO BANANIMagic Woman,75,57.99
BRUNO BANANIDangerous Woman,75,57.99
BRUNO BANANIWoman,75,57.99
BRUNO BANANIMagnetic Woman,75,57.99
BRUNO BANANIPure Woman,75,57.99
STR8Freak,50,39.99
STR8Original,50,39.99
STR8Red Code,50,39.99
STR8Ahead,50,39.99
STR8Rise,50,39.99
STR8Live True,50,39.99
PRET A PORTEROriginal,50,39.99
ELIZABETH ARDENGreen Tea,50,39.99
NIKEUrbanite Spicy Road,75,59.99
NIKEUrbanite Woody Lane,75,59.99
ADIDASActive Bodies,100,79.99
ADIDASBest of the Best,100,79.99
ADIDASUEFA Champions League,100,79.99
ADIDASVictory League,100,79.99
ADIDASIce Dive,100,79.99
ADIDASDynamic Pulse,100,79.99
ADIDASPure Game,100,79.99
ADIDASTeam Force,100,79.99
ELIZABETH ARDENSunflowers,100,79.99
CALVIN KLEINCK IN2U,150,119.99
MIRACULUMIllusion of the moment,50,41.99
MIRACULUMMagic of desire,50,41.99
MIRACULUMTempting Promise,50,41.99
MIRACULUMTrap of the senses,50,41.99
THE MASTER PERFUMERMarine Aqua N°45,30,25.99
THE MASTER PERFUMERBlack Wood N°28,30,25.99
THE MASTER PERFUMERBlue Spice N°25,30,25.99
THE MASTER PERFUMERBlack Musk N°12,30,25.99
ALFA ROMEOBlack,75,64.99
ALFA ROMEOBlue,75,64.99
ALFA ROMEORed,75,64.99
NAOMI CAMPBELL,75,64.99
NAOMI CAMPBELLPrivate,75,64.99
NAOMI CAMPBELLCat Deluxe Silver,75,64.99
C-THRULove Whisper,50,43.99
PRET A PORTEROriginal,100,87.99
TABAC,125,109.99
NIKEUltra Green,100,89.99
NIKEUltra Blue,100,89.99
ELIZABETH ARDENGreen Tea,100,89.99
BESPOKESpiced Pear & Warm Amber,100,89.99
BESPOKESalted Caramel & Water Lilies,100,89.99
BESPOKEMandarin Praline & White Flowers,100,89.99
NIKEUltra Pink,100,89.99
BESPOKEBergamot & Rose Musk,100,89.99
NIKEUltra Purple,100,89.99
THE MASTER PERFUMERAmber N°53,50,46.99
THE MASTER PERFUMERAbsolute Iris N°39,50,46.99
THE MASTER PERFUMERWhite Lily N°26,50,46.99
THE MASTER PERFUMERHappy Tangerine N°21,50,46.99
THE MASTER PERFUMERVelvet Patchouli N°20,50,46.99
THE MASTER PERFUMEROriental Summer N°11,50,46.99
THE MASTER PERFUMERRose N°08,50,46.99
THE MASTER PERFUMERBlack Vanilla N°07,50,46.99
FRANKIE GARAGEBlack Out,100,94.99
ELIZABETH ARDENGreen Tea Cucumber,100,94.99
FRANKIE GARAGE,100,94.99
FRANKIE GARAGEGreen Tag,100,94.99
ELIZABETH ARDENGreen Tea Summer,100,94.99
ELIZABETH ARDENGreen Tea Tropical,100,94.99
NOUCherry Blossom,50,47.99
NOUJasmin,50,47.99
ELIZABETH ARDENSunflowers,50,47.99
NOUTuberose,50,47.99
ARTISCENTAmber Envie,50,49.99
ARTISCENTVetiver Arome,50,49.99
ARTISCENTSantal Frais,50,49.99
ARTISCENTCedar Blanc,50,49.99
ARTISCENTMusk Dore,50,49.99
CERRUTI 18811881 Black,100,99.99
ELIZABETH ARDENArden Beauty,100,99.99
EVOLVE,100,99.99
EVOLVE,100,99.99
EVOLVE,100,99.99
EVOLVE,100,99.99
EVOLVE,100,99.99
CHANSON D'EAUOriginal,100,104.99
CHANSON D'EAUd'Eau Mar Azul,100,104.99
CHANSON D'EAUd'Eau Amanecer,100,104.99
NIKESweet Blossom,75,79.99
NIKEUrbanite Oriental Avenue,75,79.99
NIKEUrbanite Gourmand Street,75,79.99
NIKEThe Perfume,75,79.99
DAVIDOFFCool Water Aquaman,125,134.99
ELIZABETH ARDENGreen Tea,30,32.99
MIRACULUMEnigmatic,50,54.99
MIRACULUMPassionate,50,54.99
MIRACULUMAlluring,50,54.99
MIRACULUMImperious,50,54.99
ADIDASSport CHRG,100,109.99
ADIDASSport STRK,100,109.99
ICEBERGEau de Iceberg,100,109.99
ICEBERGEau de Iceberg Amber,100,109.99
ICEBERGEau de Iceberg Cedar,100,109.99
ICEBERGEau de Iceberg,100,109.99
ICEBERGEau de Iceberg,100,109.99
ELIZABETH ARDEN5th Avenue,125,139.99
CALVIN KLEINContradiction,100,114.99
ADIDASBest of the Best,50,58.99
ADIDASVictory League,50,58.99
ADIDASIce Dive,50,58.99
ADIDASUEFA Champions League,50,58.99
ADIDASDynamic Pulse,50,58.99
ADIDASPure Game,50,58.99
ADIDASTeam Force,50,58.99
MEXXSimply,50,59.99
MEXXFresh Splash,50,59.99
MEXXIce Touch Man,50,59.99
MEXXBlack,50,59.99
MEXXWhenever Wherever,50,59.99
CALVIN KLEINEternity Flame,100,119.99
DAVID BECKHAMAmber Breeze,100,119.99
DAVID BECKHAMRefined Woods,100,119.99
DAVID BECKHAMInfinite Aqua,100,119.99
BUGATTISignature Black,100,119.99
DAVID BECKHAMAromatic Greens,100,119.99
BUGATTISignature Grey,100,119.99
JAGUARClassic Electric Sky,100,119.99
JAGUARClassic Black,100,119.99
BUGATTISignature Blue,100,119.99
JAGUARClassic,100,119.99
JAGUARClassic Chromite,100,119.99
JAGUARClassic Gold,100,119.99
JAGUARClassic Red,100,119.99
JAGUARGold in Black,100,119.99
ADIDASFruity Rhythm,50,61.99
ADIDASPure Lightness,50,61.99
ADIDASFloral Dream,50,61.99
AXEBlack,100,124.99
AXEDark Temptation,100,124.99
CALVIN KLEINOne,200,249.99
ELIZABETH ARDEN5th Avenue,75,94.99
CALVIN KLEINTruth,100,126.99
TABACOriginal,50,63.99
TABACCraftsman,50,63.99
ICEBERGRosa,75,95.99
ICEBERGTwice Nero,125,159.99
ELIZABETH ARDENArden Beauty,50,64.99
KENZOHomme,100,129.99
TEAOLOGYBlack Rose Tea,100,129.99
TEAOLOGYMatcha Lemon,100,129.99
ADOPT'Liberty Dream,30,39.99
ADOPT'Yummy Candy,30,39.99
ADOPT'Lady Glitter,30,39.99
ADOPT'Vanille Coco,30,39.99
ADOPT'Vanille Bourbon,30,39.99
ADOPT'Love Infusion,30,39.99
ADOPT'Love Mood,30,39.99
ADOPT'Lady Glitter,30,39.99
ADOPT'Freesia Magnolia,30,39.99
ADOPT'Sweet romance,30,39.99
ADOPT'Bouquet d’amour,30,39.99
ADOPT'Rose noire,30,39.99
ADOPT'Oui mon amour,30,39.99
ADOPT'Coeur a Coeur,30,39.99
ADOPT'Absolu D'Amour,30,39.99
ADOPT'Oui pour la vie,30,39.99
ADOPT',30,39.99
ADOPT'Cubana,30,39.99
ADOPT'Ma Cherry,30,39.99
ADOPT'Midnight for her,30,39.99
ADOPT'Peach me,30,39.99
ADOPT'Pamplemousse Grenade,30,39.99
ADOPT'Red Dress,30,39.99
ADOPT'Famille de Verveine,30,39.99
ADOPT'Sunrise Paradise,30,39.99
ADOPT'Coco Lada,30,39.99
ADOPT'Eau Des Thes,30,39.99
ADOPT'Eau Des Orangers,30,39.99
ADOPT'Doux baisers,30,39.99
CALVIN KLEINCK IN2U,150,199.99
BANDERASThe Icon,100,134.99
JAGUAREra,100,134.99
NOUFloral Mist,50,69.99
NOUVelvet Blossom,50,69.99
CALVIN KLEINEternity,200,279.99
ELIZABETH ARDENSunflowers,30,42.99
BANDERASPower of Seduction,100,144.99
BANDERASThe Golden Secret,100,144.99
BANDERASThe Secret,100,144.99
BANDERASKing of Seduction,100,144.99
BANDERASBlue Seduction,100,144.99
GUESSSeductive Flirt,75,111.99
GUESSSeductive Kiss,75,111.99
GUESSSeductive Charm,75,111.99
C-THRULove Whisper,30,44.99
GUESSSeductive Noir,100,149.99
GUESSSeductive Homme Blue,100,149.99
ISSEY MIYAKEL'Eau Super Majeure D'Issey Intense,100,149.99
CALVIN KLEINCK IN2U,100,149.99
FRANKIE GARAGEBlue Tag,100,149.99
FRANKIE GARAGERed Tag,100,149.99
LES SENTEURS GOURMANDESThe Absolu,100,149.99
LES SENTEURS GOURMANDESFigue Sauvage,100,149.99
LES SENTEURS GOURMANDESVanille Orientale,100,149.99
LES SENTEURS GOURMANDESPrune Jasmin,100,149.99
LES SENTEURS GOURMANDESEncre de Vigne,100,149.99
DAVIDOFFHot Water,110,169.99
CALVIN KLEINBeauty,100,154.99
HUGO BOSSJust Different,125,194.99
LANVINL'Homme,100,156.99
NOUVibes Berry Much,30,47.99
NOUVibes Aqua Splash,30,47.99
NOUVibes Pixie Dust,30,47.99
ADIDASUEFA Champions League Intense,50,79.99
ADIDASBest of the Best,50,79.99
LOOKS BY WOLFGANG JOOP,50,79.99
DAVIDOFFCool Water,75,119.99
CALVIN KLEINCK IN2U,100,159.99
LOOKS BY WOLFGANG JOOP,100,159.99
BANDERASThe Icon,100,159.99
BRUNO BANANIMan,100,159.99
BRUNO BANANIMade for Men,100,159.99
COLLISTARProfumo della Felicita,100,159.99
COLLISTARProfumo dell Amore,100,159.99
CALVIN KLEINObsession,125,199.99
CALVIN KLEINObsession Night,125,199.99
TOM TAILORTime to Live!,50,80.99
UNITED COLORS OF BENETTONSisterland Pink Raspberry,80,129.99
UNITED COLORS OF BENETTONSisterland Green Jasmine,80,129.99
UNITED COLORS OF BENETTONSisterland Red Rose,80,129.99
CERRUTI 18811881 Homme,100,164.99
CALVIN KLEINOne Summer,100,169.99
ADIDASFruity Rhythm,30,51.99
ICEBERGNero,75,129.99
POLICETo Be Goodvibes For Woman,75,129.99
POLICETo be Sweet Girl,75,129.99
POLICETo be exotic jungle,75,129.99
POLICEto be Tottooart,75,129.99
JOANNA KRUPA,50,88.99
JOANNA KRUPAFollow the Joy,50,88.99
JOANNA KRUPAFollow the beauty,50,88.99
JOANNA KRUPAYourself,50,88.99
JOANNA KRUPAFollow the body,50,88.99
HUGO BOSSXX,100,177.99
POLICETo Be Tattooart,75,134.99
POLICETo Be Goodvibes For Man,75,134.99
POLICETo be exotic jungle,75,134.99
POLICETo be Bad Guy,75,134.99
AZZAROSea,100,179.99
AZZAROFun,100,179.99
AZZAROShine,100,179.99
BANDERASHer Secret Kiss,80,144.99
BANDERASHer Secret Bloom,80,144.99
BANDERASQueen of Seduction Lively Muse,80,144.99
BANDERASHer Golden Secret,80,144.99
BANDERASHer Secret Desire,80,144.99
BANDERASHer Secret Temptation,80,144.99
BRUNO BANANIWoman,50,91.99
BRUNO BANANIAbsolute Woman,50,91.99
BRUNO BANANIPure Woman,50,91.99
BRUNO BANANIMagic Woman,50,91.99
BRUNO BANANIWoman's Best,50,91.99
BRUNO BANANIDangerous Woman,50,91.99
JOOP!Jump,100,183.99
DAVIDOFFStreet Fighter,125,229.99
DAVIDOFFHorizon,125,229.99
CALVIN KLEINEscape,100,184.99
BRUNO BANANIWoman,50,92.99
JOOP!Homme,75,139.99
REPLAYEssential,75,139.99
DAVID BECKHAMBeyond,90,169.99
DAVID BECKHAMClassic,90,169.99
DAVID BECKHAMClassic Blue,90,169.99
REPLAYSignature Reverse,100,189.99
BENTLEYMomentum Unlimited,100,189.99
BENTLEYMomentum,100,189.99
BENTLEYInfinite Rush,100,189.99
BENTLEY,100,189.99
BENTLEYAzure,100,189.99
AZZAROChrome Legend,125,239.99
AZZAROChrome,100,194.99
VERSACEBlue Jeans Man,75,146.99
VERSACERed Jeans,75,146.99
CALVIN KLEINEternity Now,100,195.99
S.OLIVER,30,58.99
S.OLIVERPure Sense,30,58.99
S.OLIVERSo Pure,30,58.99
S.OLIVERSoulmate,30,58.99
GIVENCHYInsense Ultramarine,100,198.99
TOM TAILORNew Blue,30,59.99
TOM TAILORMan,30,59.99
TOM TAILORFor Him,30,59.99
S.OLIVERPure Sense,30,59.99
S.OLIVERSo Pure,30,59.99
TOM TAILORAdventurous,30,59.99
TOM TAILORPure,30,59.99
CALVIN KLEINEuphoria,50,99.99
CERRUTI 18811881 Riviera,50,99.99
GABRIELA SABATINI,60,119.99
DAVIDOFFHorizon Extreme,75,149.99
AZZARO,100,199.99
CALVIN KLEINContradiction,100,199.99
CALVIN KLEINEscape,100,199.99
CALVIN KLEINMan,100,199.99
JOOP!Go,100,199.99
CALVIN KLEIN,100,199.99
CALVIN KLEINEternity Moment,100,199.99
CALVIN KLEINObsession Night,100,199.99
MUGLERRun Free,100,199.99
MUGLERTake me Out,100,199.99
MUGLERFly Away,100,199.99
MUGLERLove you All,100,199.99
MUGLERCologne Heal Your Mind,100,199.99
CALVIN KLEINTruth,100,199.99
CALVIN KLEINObsession,100,199.99
CALVIN KLEINSheer Beauty,100,199.99
CALVIN KLEINOne,100,199.99
BENTLEYInfinite Intense,100,199.99
MARC JACOBSRain,100,199.99
BRUNO BANANIMagnetic Woman,50,101.99
HUGO BOSSDark Blue,75,156.99
DAVID BECKHAMBold Instinct,30,62.99
BRUNO BANANIMan,30,62.99
BRUNO BANANIPure Man,30,62.99
BRUNO BANANIAbsolute Man,30,62.99
BRUNO BANANIMade for Men,30,62.99
BRUNO BANANIMan's Best,30,62.99
BRUNO BANANIMagic Man,30,62.99
JIMMY CHOOUrban Hero,100,209.99
LANVINOxygene,100,209.99
MOSCHINOI Love Love,100,209.99
DAVID BECKHAMBold Instinct,75,159.99
RACHEL ZOE,100,214.99
RACHEL ZOE,100,214.99
RACHEL ZOE,100,214.99
RACHEL ZOE,100,214.99
HUGO BOSSReversed,125,269.99
TOM TAILORMan,50,109.99
TOM TAILORFor Him,50,109.99
MEXXCocktail Summer,50,109.99
TOM TAILORAdventurous,50,109.99
TOM TAILORPure,50,109.99
TOM TAILORFor Her,50,109.99
EMANUEL UNGARO,50,109.99
TOM TAILORPure,50,109.99
DAVIDOFFAdventure,100,219.99
DAVIDOFFThe Game,100,219.99
CERRUTI 18811881 Femme,100,219.99
VERSACEL'Homme,100,221.99
VERSACEThe Dreamer,100,221.99
S.OLIVERBlack Label Men,30,66.99
S.OLIVERFollow Your Soul,30,66.99
DOLCE & GABBANAPour Homme,125,279.99
JOOP!Homme Ice,80,179.99
HUGO BOSSIced,75,169.99
AZZAROChrome Legend,75,169.99
MEXXSimply,40,91.99
MEXXWoman,40,91.99
BANDERASThe Golden Secret,50,114.99
BANDERASThe Secret,50,114.99
BANDERASBlue Seduction,50,114.99
BANDERASQueen of Seduction Lively Muse,50,114.99
BANDERASQueen Of Seduction,50,114.99
BANDERASHer Golden Secret,50,114.99
BANDERASHer Secret Desire,50,114.99
BANDERASHer Secret Temptation,50,114.99
CALVIN KLEINEuphoria,100,229.99
DAVIDOFFStreet Fighter,100,229.99
CALVIN KLEINReveal,100,229.99
CALVIN KLEINEternity AIR,100,229.99
CALVIN KLEINEternity Now,100,229.99
COLLISTARAcqua Attiva,100,229.99
COLLISTARVetiver Forte,100,229.99
CALVIN KLEINEternity,100,229.99
BURBERRY,100,229.99
ISSEY MIYAKEL'Eau d'Issey Shades of Kolam,100,229.99
DKNYWomen Limited Edition,100,229.99
ELIZABETH ARDEN5th Avenue,30,69.99
MEXXFresh Splash,30,69.99
MEXXIce Touch,30,69.99
MEXXBlack,30,69.99
DAVIDOFFCool Water,30,69.99
MEXXWhenever Wherever,30,69.99
MEXXFresh,30,69.99
REPLAYEssential,60,139.99
GUESSSeductive Red,50,117.99
GUESS1981,50,117.99
GUESSSeductive,50,117.99
AZZAROWanted Tonic,50,119.99
BANDERASThe Icon,50,119.99
S.OLIVERPure Sense,50,119.99
S.OLIVERSo Pure,50,119.99
JOANNA KRUPAFollow the night,50,119.99
S.OLIVERPure Sense,50,119.99
S.OLIVERSo Pure,50,119.99
S.OLIVER,50,119.99
GUESSSeductive Noir,75,179.99
LANVINOxygene,75,179.99
KENZOL'eau Kenzo Intense,100,244.99
ADIDAS ORIGINALSBorn Original,30,74.99
BRUNO BANANIMan,50,124.99
BRUNO BANANIMan,50,124.99
BRUNO BANANIAbsolute Man,50,124.99
BRUNO BANANIMagic Man,50,124.99
BRUNO BANANIMan's Best,50,124.99
BRUNO BANANIPure Man,50,124.99
BRUNO BANANIMade for Men,50,124.99
HUGO BOSS,100,249.99
HUGO BOSSXY,100,249.99
HUGO BOSSMan,100,249.99
CALVIN KLEINWomen,100,249.99
CALVIN KLEINEternity AIR,100,249.99
CHOPARDBigaradia,100,249.99
NAOMI CAMPBELLHere to shine,50,125.99
DAVIDOFFCool Water,75,189.99
MUGLERSecret,50,126.99
MONT BLANCPresence,75,190.99
CERRUTI 18811881 Femme,50,128.99
GABRIELA SABATINIMiss Gabriela Night,20,51.99
GABRIELA SABATINIMiss Gabriela,20,51.99
GABRIELA SABATINI,20,51.99
DAVID BECKHAMInstinct,50,129.99
DAVID BECKHAMFollow Your Instinct,50,129.99
LOOKS BY WOLFGANG JOOP,50,129.99
LOOKS BY WOLFGANG JOOP,50,129.99
JAMES BOND 007For Men,50,129.99
JAMES BOND 007Pour Homme,50,129.99
KARL LAGERFELDFleur Orchidee,50,129.99
AZZAROChrome United,100,259.99
KENZOHomme,100,259.99
CACHARELNoa,100,259.99
GIVENCHYBlue Label,100,265.99
MEXXCocktail Summer,30,79.99
MEXXSimply,30,79.99
MEXXWhenever Wherever,30,79.99
MEXXBlack,30,79.99
MEXXMan,30,79.99
MEXXForever Classic Never Boring,30,79.99
MEXXFresh,30,79.99
MEXXFresh Splash,30,79.99
MEXXIce Touch,30,79.99
TOM TAILORHappy To Be,30,79.99
TOM TAILORPure,30,79.99
TOM TAILORWoman,30,79.99
TOM TAILORFor Her,30,79.99
TOM TAILORTime to Live!,30,79.99
MEXXWoman,60,159.99
ISSEY MIYAKENuit D'issey,75,199.99
LAURA BIAGIOTTILaura,75,199.99
DOLCE & GABBANAThe One,150,399.99
CACHARELAnais Anais,100,269.99
DAVID BECKHAMClassic,40,109.99
DAVID BECKHAMClassic Blue,40,109.99
MONT BLANCEmblem,100,274.99
PACO RABANNEUltrared,80,221.99
HUGO BOSSBoss in Motion Original,90,249.99
BANDERASThe Icon,50,139.99
HUGO BOSSWoman,50,139.99
BRUNO BANANIWoman,50,139.99
CALVIN KLEIN,50,139.99
ISSEY MIYAKEL'EAU D'ISSEY Florale,50,139.99
REPLAYSignature Reverse,50,139.99
HUGO BOSSWoman Extreme,75,209.99
HUGO BOSSBoss Bottled Night,100,279.99
DOLCE & GABBANALight Blue,125,349.99
VERSACEWoman,30,84.99
POLICETo be exotic jungle,40,114.99
POLICETo Be Tattooart,40,114.99
POLICETo Be Goodvibes For Man,40,114.99
POLICETo Be,40,114.99
POLICETo be Bad Guy,40,114.99
POLICETo Be Goodvibes For Woman,40,114.99
POLICETo be Sweet Girl,40,114.99
POLICETo be exotic jungle,40,114.99
POLICETo Be Tattooart,40,114.99
ADIDASSport CHRG,50,144.99
ADIDASSport STRK,50,144.99
BRUNO BANANILoyal Man,50,144.99
ADIDASSport UNLSH,50,144.99
ADIDASSport UPLFT,50,144.99
BURBERRYLondon,100,289.99
DAVID BECKHAMHomme,30,89.99
JOANNA KRUPA,30,89.99
JOANNA KRUPAYourself,30,89.99
JOANNA KRUPAFollow the Joy,30,89.99
JOANNA KRUPAFollow the beauty,30,89.99
JOANNA KRUPAFollow the body,30,89.99
JOANNA KRUPAFollow the night,30,89.99
S.OLIVERBlack Label Women,30,89.99
MEXXFresh Splash,50,149.99
CALVIN KLEINObsession,50,149.99
CALVIN KLEINOne,50,149.99
MEXXWhenever Wherever,50,149.99
KENZOPower,60,179.99
BURBERRYWeekend,100,299.99
KENZOL'Eau Hyper Wave,100,299.99
CALVIN KLEINEuphoria,100,299.99
PACO RABANNEUltrared,100,299.99
KENZOL'Eau Hyper Wave,100,299.99
CACHARELAmor Amor,100,299.99
HUGO BOSSReversed,75,229.99
HUGO BOSSEnergise,75,229.99
HUGO BOSSJust Different,75,229.99
HUGO BOSSHugo Man,75,229.99
HUGO BOSSWoman,75,229.99
HUGO BOSSDeep Red,90,279.99
HUGO BOSSBoss,90,279.99
CALVIN KLEINFree for Men,50,156.99
JAMES BOND 007For Men,30,94.99
JAMES BOND 007Pour Homme,30,94.99
CALVIN KLEINSheer Beauty,30,95.99
CALVIN KLEIN,50,159.99
GUESSSeductive Red,50,159.99
CHOPINOP.9,50,159.99
GUESSSeductive Noir,50,159.99
CHOPINOP. 25,50,159.99
CHOPINOP. 28,50,159.99
GUESSSeductive,50,159.99
GUESSSeductive,50,159.99
JAMES BOND 007Pour Femme,50,159.99
JAMES BOND 007For Women,50,159.99
MEXXCocktail Summer,40,129.99
BURBERRYLondon,100,329.99
BURBERRYTouch,100,329.99
CALVIN KLEINEuphoria,50,165.99
BRUNO BANANIMan,30,99.99
LOOKS BY WOLFGANG JOOP,30,99.99
HUGO BOSSFemme,75,249.99
GIVENCHYPour Homme,100,334.99
ISSEY MIYAKEL'Eau Super Majeure D'Issey Intense,50,169.99
CALVIN KLEINBeauty,50,169.99
MONT BLANCLady Emblem,75,254.99
PACO RABANNEBlack XS Los Angeles,100,339.99
ADIDAS ORIGINALSBorn Original,50,172.99
ADIDAS ORIGINALSBorn Original,50,172.99
KENZOWorld,75,259.99
GUESSSeductive,30,104.99
GABRIELA SABATINIMiss Gabriela Night,30,104.99
GABRIELA SABATINI,30,104.99
GABRIELA SABATINIMiss Gabriela,30,104.99
DAVIDOFFCool Water,40,139.99
JOOP!Le Bain,40,139.99
DOLCE & GABBANAThe One,100,349.99
HUGO BOSS,50,175.99
MONT BLANCLady Emblem Elixir,75,264.99
HUGO BOSS,40,141.99
CALVIN KLEINEternity,50,179.99
HUGO BOSSBoss Woman,50,179.99
CERRUTI 18811881 Silver,50,179.99
BRUNO BANANIMan,30,109.99
BRUNO BANANILoyal Man,30,109.99
ADIDASSport UPLFT,30,109.99
ADIDASSport UNLSH,30,109.99
BRUNO BANANIWoman,30,109.99
BRUNO BANANIWoman,30,109.99
BRUNO BANANIAbsolute Woman,30,109.99
BRUNO BANANIDangerous Woman,30,109.99
BRUNO BANANIPure Woman,30,109.99
BRUNO BANANIMagic Woman,30,109.99
BRUNO BANANIWoman's Best,30,109.99
AZZAROWanted Girl Tonic,50,189.99
KENZOL'Eau Kenzo,50,189.99
CACHARELAnais Anais,50,189.99
KENZOL'eau par Kenzo,50,189.99
JAMES BOND 007Pour Femme,30,114.99
VERSACEVersense,100,389.99
PEPE JEANSCelebrate,50,198.99
NAOMI CAMPBELLHere to shine,30,119.99
NAOMI CAMPBELLCat Deluxe Silver,30,119.99
NAOMI CAMPBELLCat Deluxe,30,119.99
NAOMI CAMPBELLGlam Rouge,30,119.99
NAOMI CAMPBELLPrivate,30,119.99
NAOMI CAMPBELLCat deluxe At Night,30,119.99
MEXXWoman,40,159.99
HUGO BOSSBoss Bottled Night,50,199.99
HUGO BOSSDeep Red,50,199.99
HUGO BOSSFemme,50,199.99
NINA RICCI,50,199.99
CACHARELAmor Amor,50,199.99
CACHARELNoa,50,199.99
DOLCE & GABBANAShine,75,299.99
HUGO BOSSMa Vie,75,299.99
JENNIFER LOPEZEnduring Glow,30,121.99
JENNIFER LOPEZJlust,30,121.99
VERSACEYelllow Diamond,90,369.99
MEXXCocktail Summer,20,84.99
MEXXSimply,20,84.99
MEXXWoman,20,84.99
JOOP!WOW!,40,169.99
KENZOAmour Make Me Fly,40,169.99
PACO RABANNEBlack XS,80,339.99
BURBERRYBody,35,149.99
MEXXBlack,15,64.99
MEXXFresh,15,64.99
MEXXIce Touch,15,64.99
AZZAROWanted Girl Tonic,30,129.99
AZZAROMademoiselle,30,129.99
BRUNO BANANIAbsolute Woman,30,129.99
BRUNO BANANIDangerous Woman,30,129.99
BRUNO BANANIPure Woman,30,129.99
BRUNO BANANIMagnetic Woman,30,129.99
BRUNO BANANIWoman,30,129.99
FURLA,30,129.99
FURLA,30,129.99
FURLA,30,129.99
FURLA,30,129.99
FURLA,30,129.99
HUGO BOSS,40,179.99
CHOPARDBigaradia,40,179.99
AZZAROChrome,50,229.99
JENNIFER LOPEZLive,50,229.99
JENNIFER LOPEZOne,50,229.99
JENNIFER LOPEZEnduring Glow,50,229.99
JENNIFER LOPEZGlow by JLo,50,229.99
JENNIFER LOPEZPromise,50,229.99
MOSCHINOI Love Love,30,139.99
MOSCHINOCheap & Chic,30,139.99
GUESSSeductive Red,30,139.99
GUESSSeductive Noir,30,139.99
CALVIN KLEINReveal,30,139.99
CALVIN KLEINObsession,30,139.99
GUESSSeductive,30,139.99
KENZOParfum D'Ete,75,349.99
CACHARELYes I Am Glorious,30,140.99
JENNIFER LOPEZOne,30,140.99
JENNIFER LOPEZPromise,30,140.99
DOLCE & GABBANAIntenso,40,190.99
MUGLERAlien Man,50,239.99
LIU JOLovely U,50,239.99
LIU JOLovely Me Liu Jo,50,239.99
KENZOL'Eau Pour Homme,50,239.99
LA MARTINAQuimera Mujer,50,244.99
KENZOL'Eau Pour Homme,30,149.99
CALVIN KLEINEternity Moment,30,149.99
KENZOFlower By,30,149.99
CERRUTI 18811881 Femme,30,149.99
GIVENCHYBlue Label,50,249.99
MOSCHINOToy 2,50,249.99
KENZOWorld Power,50,249.99
MONT BLANCExplorer Ultra Blue,60,299.99
KENZOWorld,50,259.99
KENZOFlower by Kenzo,50,259.99
RIHANNAReb'l Fleur Love Always,30,159.99
CACHARELAnais Anais,30,159.99
NINA RICCINina L'Elixir,30,159.99
DOLCE & GABBANALight Blue,50,269.99
DOLCE & GABBANAThe Only One,50,269.99
KENZOÇa Sent Beau,50,269.99
JENNIFER LOPEZJluxe,30,164.99
DOLCE & GABBANAGarden,50,274.99
DOLCE & GABBANAPeony,50,274.99
DOLCE & GABBANAShine,50,274.99
MOSCHINOToy 2,50,279.99
DOLCE & GABBANAThe One,50,279.99
DOLCE & GABBANAThe Only One,50,279.99
KENZOLe Monde Est Beau,50,279.99
JIMMY CHOO,30,169.99
NAOMI CAMPBELL,30,169.99
CALVIN KLEINEuphoria,30,169.99
DKNYEnergizing,30,169.99
DKNYBe Desired,30,169.99
KENZOL'Eau Pour Femme,30,169.99
HUGO BOSSFemme,30,169.99
ISSEY MIYAKEL'Eau D'Issey,50,284.99
GIORGIO ARMANIEmporio Diamonds Violet,50,289.99
CACHARELAmor Amor,30,174.99
CACHARELNoa,30,174.99
KENZOL'Eau Pour Homme,30,179.99
VERSACEEros Pour Femme,50,299.99
VERSACEVersense,50,299.99
VERSACEYelllow Diamond,50,299.99
KENZOFlower By,50,309.99
LANCÔMEHypnose,50,329.99
DKNYBe Delicious,50,329.99
NAOMI CAMPBELL,15,99.99
NAOMI CAMPBELLCat Deluxe,15,99.99
NAOMI CAMPBELLCat Deluxe Silver,15,99.99
NAOMI CAMPBELLCat deluxe At Night,15,99.99
KENZOWorld Power,30,199.99
KENZOAmour,30,199.99
KENZOFlower by Kenzo,30,199.99
DOLCE & GABBANAThe Only One,30,209.99
LANCÔMEMidnight Rose,50,349.99
KENZOFlower by Kenzo,30,214.99
VERSACEEros Pour Femme,50,359.99
DOLCE & GABBANAThe Only One,30,219.99
VERSACECrystal Noir,30,221.99
VERSACEYellow Diamond,30,224.99
DOLCE & GABBANAThe One,30,229.99
DOLCE & GABBANAThe Only One,30,239.99
KENZOJeu d'Amour,30,239.99
DKNYBe Delicious,30,249.99
DKNYBe Delicious,30,249.99
VERSACEVersense,30,249.99
DKNYBe Delicious,30,249.99
LANCÔMETresor Midnight Rose,30,249.99
DOLCE & GABBANAGarden,30,254.99
GIVENCHYLive Irresistible,30,254.99
DOLCE & GABBANALight Blue,25,219.99
BURBERRYMy Burberry,30,264.99
VERSACEEros,30,269.99
LANCÔMELa Vie Est Belle,30,279.99
LANCÔMEHypnose,30,289.99
LANCÔMELa Nuit Tresor,30,319.99
MARGOT & TITAOdważ się pomieszać!,2x30,99.99
MARGOT & TITAOdważ się pomieszać!,2x30,99.99
MARGOT & TITAOdważ się pomieszać!,2x30,99.99
MARGOT & TITAOdważ się pomieszać!,2x30,99.99
MARGOT & TITAOdważ się pomieszać!,2x30,99.99
MARGOT & TITAOdważ się pomieszać!,2x30,99.99
MARGOT & TITAOdważ się pomieszać!,2x30,99.99
MARGOT & TITAOdważ się pomieszać!,2x30,99.99
MARGOT & TITAOdważ się pomieszać!,2x30,99.99
INGRID COSMETICSFagata,200,22.99
SO...?Watermelon,100,11.99
SO...?Vanilla Milkshake,100,11.99
GUESSLove Sunkissed Flirtation,250,33.99
GUESSLove Nirvana Dream,250,33.99
SO...?,50,7.99
SO...?Bali Breeze,50,7.99
INGRID COSMETICSTeamX,125,21.99
INGRID COSMETICSTeamX,125,21.99
INGRID COSMETICSTeamX,125,21.99
INGRID COSMETICS,125,21.99
INGRID COSMETICSFagata,125,21.99
INGRID COSMETICSFagata,125,21.99
INGRID COSMETICSFagata,125,21.99
LAZELLCamellia Flamenco,100,21.99
LAZELLPrestige,100,21.99
LAZELLVarsovie,100,21.99
LAZELLSpring,100,21.99
LAZELLGold Madame,100,21.99
LAZELLDominate,100,21.99
JAMES BOND 007For Women II,250,54.99
INGRID COSMETICSViki Gabor ID,125,29.99
INGRID COSMETICSViki Gabor ID,125,29.99
INGRID COSMETICSViki Gabor ID,125,29.99
SO...? MISS SO...?Sunset Sky,140,37.99
SO...? MISS SO...?Endless Passion,140,37.99
SO...? GLOW BY SO…?,140,39.99
SO...? GLOW BY SO…?,140,39.99
SO...? GLOW BY SO…?,140,39.99
MICHAEL SHARD BY CHATLER,100,29.49
MICHAEL SHARD BY CHATLER,100,29.49
MICHAEL SHARD BY CHATLER,100,29.49
MICHAEL SHARD BY CHATLER,100,29.49
MICHAEL SHARD BY CHATLER,100,29.49
MICHAEL SHARD BY CHATLER,100,29.49
MICHAEL SHARD BY CHATLER,100,29.49
INGRID COSMETICSFagata,75,22.99
LA RIVEHave Fun,90,27.99
DAVID BECKHAMIntimately,75,26.49
LA RIVEMoon,75,27.99
MICHAEL SHARD BY CHATLER,100,59.99
MICHAEL SHARD BY CHATLER,100,59.99
MICHAEL SHARD BY CHATLER,100,59.99
MICHAEL SHARD BY CHATLER,100,59.99
FORD MUSTANGPerformance,100,59.99
FORD MUSTANGSport,100,59.99
FORD MUSTANG,100,59.99
DICORASydney,100,59.99
DICORALondon,100,59.99
DICORATokyo,100,59.99
BETTY BARCLAYDream Away,75,49.99
4711Remix Cologne,100,84.99
4711Remix Cologne,100,84.99
BEVERLY HILLS POLO CLUBSport One,100,89.99
BEVERLY HILLS POLO CLUBSport Nine,100,89.99
BEVERLY HILLS POLO CLUBSport Eight,100,89.99
BEVERLY HILLS POLO CLUBSport Two,100,89.99
ICEBERGTwice Rosa,125,117.99
ALLVERNUMVerbena & Lilac,50,49.99
ALLVERNUMTea Leaf & White Woods,50,49.99
ALLVERNUMRosemary & Chamomile,50,49.99
ALLVERNUM,50,49.99
JIL SANDERSun Men,125,129.99
ICEBERGEau de Iceberg Wild Rose,100,109.99
CERRUTI 18811881 Sport,100,109.99
AIGNERX Limited,125,139.99
4711Remix Cologne,100,114.99
SO...? MISS SO...?Starlet,50,59.99
SO...? MISS SO...?Love Potion,50,59.99
SO...? MISS SO...?Midnight Magic,50,59.99
SO...? MISS SO...?Secret Crush,50,59.99
MONOTHEMEBlack Label,100,119.99
MONOTHEMEBlack Label,100,119.99
MONOTHEMEBlack Label,100,119.99
MONOTHEMEBlack Label,100,119.99
JOOP!Homme,200,239.99
INGRID COSMETICSFagata,30,36.99
INGRID COSMETICSFagata,30,36.99
INGRID COSMETICSFagata,30,36.99
ADOPT',30,39.99
ADOPT',30,39.99
ADOPT'Fresh Cologne,30,39.99
ADOPT'Fairyland,30,39.99
ADOPT'Wonderful,30,39.99
ADOPT'Starnight,30,39.99
ADOPT'Magnolia Majestueux,30,39.99
ADOPT'Piwoine Radieuse,30,39.99
ADOPT'Cocon Blanc,30,39.99
ADOPT'Bloom Delight,30,39.99
ADOPT'Sunset Kiss,30,39.99
ADOPT'Rouge Lipstick,30,39.99
ADOPT'Jolie Frimousse,30,39.99
ADOPT'Rose Ballerine,30,39.99
ADOPT',30,39.99
ADOPT'Rose Charmeuse,30,39.99
ADOPT'Sunny Vibes,30,39.99
ADOPT'Mademoiselle Bloom,30,39.99
ADOPT',30,39.99
ADOPT',30,39.99
ADOPT',30,39.99
ADOPT',30,39.99
ADOPT'Fleur de coton,30,39.99
ADOPT',30,39.99
ADOPT'Fleur de cerisier,30,39.99
ADOPT',30,39.99
ADOPT'Poire Santal,30,39.99
ADOPT',30,39.99
ADOPT'Musc Blanc,30,39.99
ADOPT'Mure Figue,30,39.99
ADOPT',30,39.99
ELIZABETH ARDEN5th Avenue,75,99.99
BURBERRYMr. Burberry Indigo,100,134.99
AZZARO,100,149.99
CERRUTI 18811881 Aqua Forte,125,189.99
AIGNERFirst Class Explorer,100,156.99
AIGNERFirst Class,100,156.99
INGRID COSMETICSFagata,30,47.99
AIGNERNo.1,100,164.99
SO...? SMOOCH BY SO...?Vixen,30,49.99
SO...? SMOOCH BY SO...?Hot Pink,30,49.99
INGRID COSMETICSTeamX,30,49.99
TOMMY HILFIGERTommy Summer,100,169.99
ELIZABETH ARDENProvocative,100,169.99
JOOP!Splash Summer Ticket,115,199.99
CALVIN KLEINOne All,50,89.99
BEVERLY HILLS POLO CLUBSport One,50,89.99
BEVERLY HILLS POLO CLUBSport Nine,50,89.99
BEVERLY HILLS POLO CLUBSport Eight,50,89.99
BEVERLY HILLS POLO CLUBSport Two,50,89.99
LAURA BIAGIOTTIRoma Uomo,125,224.99
CERRUTI 18811881 Fraicheur D'eau,100,184.99
INGRID COSMETICSTeamX,30,55.99
INGRID COSMETICSTeamX,30,55.99
INGRID COSMETICSTeamX,30,55.99
INGRID COSMETICSTeamX,30,55.99
JIL SANDERSun Men,75,139.99
DAVID BECKHAMRespect,90,169.99
EMANUEL UNGAROFruit d'Amour Turquoise,50,99.99
CERRUTI 18811881 Aqua Forte,75,149.99
CHOPINOP.9,100,199.99
CHOPINOP. 28,100,199.99
CHOPINOP. 25,100,199.99
CALVIN KLEINObsession,100,199.99
DAVID BECKHAMIntimately,75,159.99
BETTY BARCLAYOriental Bloom,50,109.99
BURBERRYMr. Burberry Indigo,50,109.99
ISSEY MIYAKEL'Eau D'Issey,125,298.99
ISSEY MIYAKENuit D'issey,125,299.99
PACO RABANNE,100,244.99
CALVIN KLEINReveal,100,249.99
CALVIN KLEINEuphoria Blush,100,249.99
GIVENCHYEau de Givenchy,100,274.99
KATY PERRYIndi Visible,50,139.99
BETTY BARCLAYDream Away,20,58.99
BETTY BARCLAYTender Love,20,58.99
BETTY BARCLAYBohemian Romance,20,58.99
AZZARODuo,50,149.99
ISSEY MIYAKENuit D'issey,75,234.99
MEXXFestival Splashes,40,129.99
CALVIN KLEINEternity Flame,50,169.99
JOOP!,40,139.99
NINA RICCILes Sorbets de Luna,80,284.99
LANVINA Girl in Capri,50,179.99
LACOSTEL.12.12 Pour Elle Magnetic,80,299.99
CACHARELAmor Amore Love Festival,50,189.99
DAVIDOFFCool Water Woman,50,189.99
NINA RICCILes Monstres de Nina Ricci,50,189.99
AIGNERFirst Class Explorer,50,189.99
JAMES BOND 007For Women,30,114.99
JAMES BOND 007For Women III,30,114.99
PEPE JEANS,50,198.99
TRUSSARDIBlue Land,50,199.99
CALVIN KLEINWomen,50,199.99
HUGO BOSSNuit,75,299.99
VERSACEEros,100,399.99
LANVINA Girl in Capri,30,129.99
VERSACEEros,50,216.99
VERSACEDylan Blue,50,216.99
AZZAROWanted,50,229.99
LAURA BIAGIOTTIForever,30,139.99
LACOSTEL.12.12 Pour Elle Magnetic,45,219.99
PEPE JEANSCelebrate,30,147.99
PEPE JEANSCocktail Edition,30,147.99
PEPE JEANS,30,147.99
LIU JOLovely U,30,149.99
HUGO BOSS,30,149.99
BURBERRYMr. Burberry Indigo,30,149.99
LAURA BIAGIOTTILaura,25,129.99
CACHARELLou Lou,30,159.99
AIGNERNo.1,30,169.99
VERSACEEros Flame,30,171.99
AZZAROWanted,30,179.99
MONT BLANCExplorer,30,179.99
VERSACECrystal Noir,50,299.99
AZZAROWanted,30,189.99
GIVENCHYOrganza,50,329.99
VERSACE,30,209.99
GIVENCHYAnge Ou Demon,50,349.99
GIORGIO ARMANIArmani Code,30,224.99
DOLCE & GABBANAThe One Grey,30,234.99
GIORGIO ARMANIEmporio Armani He,30,234.99
LANCÔMEIdôle,25,244.99
